Date,Total_Waste_Kg
2025-01-01,5297.3
2025-01-02,5155.9
2025-01-03,5375.8
2025-01-04,5679.8
2025-01-05,5700.8
2025-01-06,5057.0
2025-01-07,5316.9
2025-01-08,5289.0
2025-01-09,5088.6
2025-01-10,5269.7
2025-01-11,5908.4
2025-01-12,5931.6
2025-01-13,5204.0
2025-01-14,5258.6
2025-01-15,5380.8
2025-01-16,5200.9
2025-01-17,5062.6
2025-01-18,5882.6
2025-01-19,5836.5
2025-01-20,5395.2
2025-01-21,5264.7
2025-01-22,5101.5
2025-01-23,5167.5
2025-01-24,5353.3
2025-01-25,5954.5
2025-01-26,5835.7
2025-01-27,5199.0
2025-01-28,5209.8
2025-01-29,5161.6
2025-01-30,5272.4
2025-01-31,5331.4
2025-02-01,5826.0
2025-02-02,5952.0
2025-02-03,5311.2
2025-02-04,5274.5
2025-02-05,5316.1
2025-02-06,5397.7
2025-02-07,5155.4
2025-02-08,5739.0
2025-02-09,5789.0
2025-02-10,5254.9
2025-02-11,5449.7
2025-02-12,5333.6
2025-02-13,5449.3
2025-02-14,5366.7
2025-02-15,5703.4
2025-02-16,5998.8
2025-02-17,5119.2
2025-02-18,5374.6
2025-02-19,5328.3
2025-02-20,5284.0
2025-02-21,5214.1
2025-02-22,5882.6
2025-02-23,5809.8
2025-02-24,5264.2
2025-02-25,5406.2
2025-02-26,5367.8
2025-02-27,5451.1
2025-02-28,5430.4
2025-03-01,5959.0
2025-03-02,5785.4
2025-03-03,5445.4
2025-03-04,5429.8
2025-03-05,5506.3
2025-03-06,5309.2
2025-03-07,5433.1
2025-03-08,5913.0
2025-03-09,5898.0
2025-03-10,5304.6
2025-03-11,5395.8
2025-03-12,5457.8
2025-03-13,5297.1
2025-03-14,5325.7
2025-03-15,5943.4
2025-03-16,6029.0
2025-03-17,5298.8
2025-03-18,5454.3
2025-03-19,5401.9
2025-03-20,5411.4
2025-03-21,5428.3
2025-03-22,6137.6
2025-03-23,5964.4
2025-03-24,5334.6
2025-03-25,5412.1
2025-03-26,5387.7
2025-03-27,5495.0
2025-03-28,5418.7
2025-03-29,6012.3
2025-03-30,5885.9
2025-03-31,5632.9
2025-04-01,5607.0
2025-04-02,5503.1
2025-04-03,5289.2
2025-04-04,5389.1
2025-04-05,6009.2
2025-04-06,6037.0
2025-04-07,5410.7
2025-04-08,5508.0
2025-04-09,5376.1
2025-04-10,5441.4
2025-04-11,5536.5
2025-04-12,5866.6
2025-04-13,6082.4
2025-04-14,5457.9
2025-04-15,5472.1
2025-04-16,5397.7
2025-04-17,5456.3
2025-04-18,5437.7
2025-04-19,6140.7
2025-04-20,6181.5
2025-04-21,5518.6
2025-04-22,5532.6
2025-04-23,5691.1
2025-04-24,5387.4
2025-04-25,5478.8
2025-04-26,6097.3
2025-04-27,6030.0
2025-04-28,5504.4
2025-04-29,5610.4
2025-04-30,5406.7
2025-05-01,5484.6
2025-05-02,5429.5
2025-05-03,6103.0
2025-05-04,6202.1
2025-05-05,5625.3
2025-05-06,5613.7
2025-05-07,5674.1
2025-05-08,5556.7
2025-05-09,5630.3
2025-05-10,6108.2
2025-05-11,6041.1
2025-05-12,5481.9
2025-05-13,5483.1
2025-05-14,5483.3
2025-05-15,5620.4
2025-05-16,5489.3
2025-05-17,6089.8
2025-05-18,6104.1
2025-05-19,5563.8
2025-05-20,5246.2
2025-05-21,5482.0
2025-05-22,5645.1
2025-05-23,5494.4
2025-05-24,6109.7
2025-05-25,6210.7
2025-05-26,5601.0
2025-05-27,5429.1
2025-05-28,5452.5
2025-05-29,5565.6
2025-05-30,5583.0
2025-05-31,6220.2
2025-06-01,5920.7
2025-06-02,5465.4
2025-06-03,5628.9
2025-06-04,5427.2
2025-06-05,5492.7
2025-06-06,5667.0
2025-06-07,6151.2
2025-06-08,6102.4
2025-06-09,5656.4
2025-06-10,5521.0
2025-06-11,5559.3
2025-06-12,5539.7
2025-06-13,5570.5
2025-06-14,6109.2
2025-06-15,6285.6
2025-06-16,5603.6
2025-06-17,5528.8
2025-06-18,5483.2
2025-06-19,5721.3
2025-06-20,5466.2
2025-06-21,6216.6
2025-06-22,6033.1
2025-06-23,5731.5
2025-06-24,5691.1
2025-06-25,5662.3
2025-06-26,5636.7
2025-06-27,5659.4
2025-06-28,6232.8
2025-06-29,6264.8
2025-06-30,5611.1
2025-07-01,5501.5
2025-07-02,5608.6
2025-07-03,5534.0
2025-07-04,5726.1
2025-07-05,6222.9
2025-07-06,6108.5
2025-07-07,5486.2
2025-07-08,5426.3
2025-07-09,5730.2
2025-07-10,5682.7
2025-07-11,5545.7
2025-07-12,6122.4
2025-07-13,6202.1
2025-07-14,5624.8
2025-07-15,5621.5
2025-07-16,5635.7
2025-07-17,5577.8
2025-07-18,5533.2
2025-07-19,6346.3
2025-07-20,6287.2
2025-07-21,5645.6
2025-07-22,5764.5
2025-07-23,5702.9
2025-07-24,5674.2
2025-07-25,5678.5
2025-07-26,6156.6
2025-07-27,6380.2
2025-07-28,5746.0
2025-07-29,5756.6
2025-07-30,5790.2
2025-07-31,5695.6
2025-08-01,5705.5
2025-08-02,6382.2
2025-08-03,6251.3
2025-08-04,5717.0
2025-08-05,5699.3
2025-08-06,5816.5
2025-08-07,5510.1
2025-08-08,5603.6
2025-08-09,6249.4
2025-08-10,6431.8
2025-08-11,5758.2
2025-08-12,5795.8
2025-08-13,5798.9
2025-08-14,5701.1
2025-08-15,5604.4
2025-08-16,6236.3
2025-08-17,6254.0
2025-08-18,5706.3
2025-08-19,5611.7
2025-08-20,5779.3
2025-08-21,5908.0
2025-08-22,5646.0
2025-08-23,6263.5
2025-08-24,6266.8
2025-08-25,5873.6
2025-08-26,5746.6
2025-08-27,5883.4
2025-08-28,5737.7
2025-08-29,5645.0
2025-08-30,6315.9
2025-08-31,6337.0
2025-09-01,5740.1
2025-09-02,5719.5
2025-09-03,5696.5
2025-09-04,5600.5
2025-09-05,5696.0
2025-09-06,6329.7
2025-09-07,6573.6
2025-09-08,5892.8
2025-09-09,5710.4
2025-09-10,5652.7
2025-09-11,5594.8
2025-09-12,5639.5
2025-09-13,6325.0
2025-09-14,6437.4
2025-09-15,5905.1
2025-09-16,5800.6
2025-09-17,5889.3
2025-09-18,5772.9
2025-09-19,5685.9
2025-09-20,6335.6
2025-09-21,6490.4
2025-09-22,5781.3
2025-09-23,5793.8
2025-09-24,5748.4
2025-09-25,5835.6
2025-09-26,5875.1
2025-09-27,6472.7
2025-09-28,6208.2
2025-09-29,5809.0
2025-09-30,5805.1
2025-10-01,5743.7
2025-10-02,5645.7
2025-10-03,5869.1
2025-10-04,6478.1
2025-10-05,6380.0
2025-10-06,5764.1
2025-10-07,5841.0
2025-10-08,5899.2
2025-10-09,5835.3
2025-10-10,5760.5
2025-10-11,6419.4
2025-10-12,6289.3
2025-10-13,5905.2
2025-10-14,5907.0
2025-10-15,5666.8
2025-10-16,5779.0
2025-10-17,5752.6
2025-10-18,6490.3
2025-10-19,6342.3
2025-10-20,5795.4
2025-10-21,5642.7
2025-10-22,5922.8
2025-10-23,5694.7
2025-10-24,5873.1
2025-10-25,6482.7
2025-10-26,6329.2
2025-10-27,5829.4
2025-10-28,5922.0
2025-10-29,5839.6
2025-10-30,5746.8
2025-10-31,5996.3
2025-11-01,6463.7
2025-11-02,6406.5
2025-11-03,5844.2
2025-11-04,5831.8
2025-11-05,5925.4
2025-11-06,5967.4
2025-11-07,5883.5
2025-11-08,6444.9
2025-11-09,6481.3
2025-11-10,5888.6
2025-11-11,5956.8
2025-11-12,5959.9
2025-11-13,5867.0
2025-11-14,5823.6
2025-11-15,6498.1
2025-11-16,6604.7
2025-11-17,5831.6
2025-11-18,6069.1
2025-11-19,5882.5
2025-11-20,5914.6
2025-11-21,5997.4
2025-11-22,6423.4
2025-11-23,6675.1
2025-11-24,5817.3
2025-11-25,6066.1
2025-11-26,5870.4
2025-11-27,5976.5
2025-11-28,5866.2
2025-11-29,6615.7
2025-11-30,6571.9
2025-12-01,5921.9
2025-12-02,5935.4
2025-12-03,5989.0
2025-12-04,5871.5
2025-12-05,5880.7
2025-12-06,6680.3
2025-12-07,6597.0
2025-12-08,5870.8
2025-12-09,5972.9
2025-12-10,5859.5
2025-12-11,5884.6
2025-12-12,6177.3
2025-12-13,6547.7
2025-12-14,6628.3
2025-12-15,5986.9
2025-12-16,6098.6
2025-12-17,6075.1
2025-12-18,5930.1
2025-12-19,5948.0
2025-12-20,6581.9
2025-12-21,6391.4
2025-12-22,6049.6
2025-12-23,5949.5
2025-12-24,6070.3
2025-12-25,5939.0
2025-12-26,6011.5
2025-12-27,6549.1
2025-12-28,6610.3
2025-12-29,5866.8
2025-12-30,6137.0
2025-12-31,5979.0
