Location,Total_Waste_Kg,Avg_Waste_Kg,Avg_Utilization_Pct,Overflow_Freq_Pct,cluster,Waste_Level
Market Area,331700.5,36.98,77.1,10.17,0,High
Railway Station,288374.2,32.21,74.99,7.28,0,High
Industrial Zone,266921.5,29.87,70.9,3.85,2,Medium
Mall Complex,252340.9,28.13,71.91,5.55,2,Medium
Residential Sector 1,220041.6,24.55,65.73,4.08,2,Medium
Hospital Zone,196854.9,22.0,64.42,4.29,2,Medium
Residential Sector 2,185146.1,20.7,61.98,4.87,2,Medium
Bus Depot,168403.0,18.82,61.98,5.3,2,Medium
School Zone,109134.6,12.19,51.29,3.44,1,Low
Central Park,91733.0,10.21,43.45,0.73,1,Low
